Wall time,Step,Value
1734354862.3994248,6,0.06129482388496399
1734354864.4042323,7,0.03077619895339012
1734354872.9396636,11,0.016998812556266785
1734354875.010924,12,0.015928564593195915
1734354881.2734396,15,0.01857549324631691
1734354883.3463438,16,0.014533433131873608
1734354889.7242277,19,0.016584765166044235
1734354892.1722574,20,0.018545815721154213
1734354894.2017548,21,0.017581991851329803
1734354902.4547896,25,0.016614815220236778
1734354921.3472292,34,0.017193268984556198
1734354927.5231028,37,0.016078200191259384
1734354936.0997667,41,0.019622813910245895
1734354940.3887837,43,0.01779281720519066
1734354944.583576,45,0.01753888837993145
1734354946.695322,46,0.019643627107143402
1734354950.8336565,48,0.017331665381789207
1734354955.4388144,50,0.01818334124982357
1734354957.5611994,51,0.01573321223258972
1734354963.7836666,54,0.015948574990034103
1734354965.8714802,55,0.015752680599689484
1734354967.9482617,56,0.01863834261894226
1734354970.016211,57,0.04960274696350098
1734354972.1838064,58,0.07024895399808884
1734354980.5675776,62,0.06355752050876617
1734354984.7970047,64,0.05949443578720093
1734354989.092301,66,0.02918272279202938
1734354991.209125,67,0.016923708841204643
1734354993.2801988,68,0.039327625185251236
1734354995.4010994,69,0.05377195402979851
1734355002.1618133,72,0.05045796185731888
1734355004.30346,73,0.033064812421798706
1734355006.3654053,74,0.0388440266251564
1734355008.4702342,75,0.03146836534142494
1734355019.3166275,80,0.016530778259038925
1734355029.9153228,85,0.01799944043159485
1734355036.1970742,88,0.017439421266317368
1734355038.3254306,89,0.017251942306756973
1734355051.4933453,95,0.01779959723353386
1734355068.9798648,103,0.018069123849272728
1734355075.2804484,106,0.0176670104265213
1734355077.378493,107,0.018579386174678802
1734355092.4698904,114,0.018433652818202972
1734355098.9666896,117,0.024068092927336693
1734355103.0926347,119,0.07456858456134796
1734355116.0223875,125,0.062546506524086
1734355118.201626,126,0.0800086185336113
1734355120.351338,127,0.07399624586105347
1734355127.2758512,130,0.076349176466465
1734355129.665911,131,0.05508584529161453
1734355144.3920105,138,0.05282413214445114
1734355148.9522443,140,0.020252080634236336
1734355153.1087668,142,0.040322791785001755
1734355155.2074227,143,0.018160708248615265
1734355157.2898507,144,0.019807681441307068
1734355159.4696982,145,0.01803133636713028
1734355172.4062774,151,0.022259509190917015
1734355182.9268837,156,0.03070238046348095
1734355187.2555103,158,0.037635438144207
1734355189.4065456,159,0.01903526484966278
1734355191.7316208,160,0.02020893059670925
1734355198.1678777,163,0.02413492649793625
1734355204.3838556,166,0.017610687762498856
1734355208.6013374,168,0.01772143691778183
1734355210.709593,169,0.017909826710820198
1734355217.4949806,172,0.01858263649046421
1734355228.0534918,177,0.017830200493335724
1734355230.1340036,178,0.01752953790128231
1734355232.2770412,179,0.017796307802200317
1734355236.766419,181,0.019247010350227356
1734355243.1733978,184,0.01668725162744522
1734355247.3963432,186,0.01884845457971096
1734355249.5216281,187,0.016622615978121758
1734355253.6545684,189,0.016994507983326912
1734355258.3293912,191,0.031784918159246445
1734355260.4720705,192,0.025825098156929016
1734355275.334031,199,0.01996569149196148
1734355292.9673693,207,0.016304150223731995
1734355295.0282958,208,0.018301261588931084
1734355297.1676831,209,0.01993511989712715
1734355305.8464863,213,0.01873309724032879
1734355318.6705978,219,0.026063082739710808
1734355327.3078601,223,0.018067406490445137
1734355329.3727002,224,0.018429173156619072
1734355333.53873,226,0.02172289788722992
1734355337.7049887,228,0.02264566347002983
1734355342.209767,230,0.018524160608649254
1734355348.5112593,233,0.02569526433944702
1734355350.7304404,234,0.05383821576833725
1734355352.8431516,235,0.04207094758749008
1734355359.137409,238,0.027786819264292717
1734355380.295821,248,0.020226774737238884
1734355385.005586,250,0.019913339987397194
1734355397.43145,256,0.01872425526380539
1734355403.727655,259,0.01912788674235344
1734355406.1959345,260,0.022641805931925774
1734355408.269433,261,0.02454470470547676
1734355410.3253422,262,0.02645699307322502
1734355414.7434826,264,0.019078955054283142
1734355423.0926619,268,0.018670443445444107
1734355427.5101054,270,0.019207168370485306
1734355431.789476,272,0.016548536717891693
1734355435.9512615,274,0.01668483018875122
1734355446.5102983,279,0.03381454572081566
1734355450.9828434,281,0.020690906792879105
1734355459.3916757,285,0.017745893448591232
1734355474.1601946,292,0.02365754544734955
1734355476.251104,293,0.02442302368581295
1734355486.8557785,298,0.01773100160062313
1734355489.005095,299,0.016145220026373863
1734355491.8782725,300,0.017686210572719574
1734355496.088755,302,0.01634812168776989
1734355498.18966,303,0.014571305364370346
1734355500.2370074,304,0.017231455072760582
1734355508.6970317,308,0.0186447873711586
1734355510.8237793,309,0.01719631999731064
1734355515.1922371,311,0.019445203244686127
1734355521.4256694,314,0.05021991953253746
1734355529.6957211,318,0.0833764597773552
1734355531.7990792,319,0.0715063065290451
1734355534.076593,320,0.04715555161237717
1734355536.1915052,321,0.11130593717098236
1734355540.4470084,323,0.04958420246839523
1734355546.7553973,326,0.06380569934844971
1734355548.9227076,327,0.038017112761735916
1734355550.9706678,328,0.03409453481435776
1734355557.6989954,331,0.019291110336780548
1734355559.7839944,332,0.06701834499835968
1734355564.0569272,334,0.018496278673410416
1734355577.0389469,340,0.030285706743597984
1734355581.2450435,342,0.04296308383345604
1734355587.5796907,345,0.03926694020628929
1734355589.635735,346,0.07190608978271484
1734355593.8739035,348,0.08077343553304672
1734355595.9778543,349,0.09959936141967773
1734355606.8288584,354,0.01555140595883131
1734355609.0007038,355,0.018027104437351227
1734355617.3455045,359,0.017866922542452812
1734355621.9460094,361,0.1058688759803772
1734355628.2492633,364,0.0202240739017725
1734355636.6964114,368,0.0177554190158844
1734355645.2892199,372,0.030281472951173782
1734355649.521742,374,0.019469406455755234
1734355657.954701,378,0.06562179327011108
1734355660.089871,379,0.06318057328462601
1734355662.4548075,380,0.09856492280960083
1734355666.6168385,382,0.09309189021587372
1734355668.775747,383,0.11167466640472412
1734355677.1914756,387,0.10159064829349518
1734355679.4034066,388,0.0596446692943573
1734355681.490101,389,0.08053402602672577
1734355688.1318426,392,0.03631296008825302
1734355690.2477987,393,0.051487863063812256
1734355692.316647,394,0.05625855177640915
1734355714.126928,404,0.06655950844287872
1734355724.66778,409,0.040538012981414795
1734355739.7496748,416,0.07616373896598816
1734355741.8511367,417,0.0652545839548111
1734355752.6910222,422,0.1196105033159256
1734355754.814365,423,0.0955604761838913
1734355759.1269336,425,0.07552239298820496
1734355763.3715808,427,0.04990927129983902
1734355772.3548052,431,0.06990726292133331
1734355791.7247767,440,0.05571267753839493
1734355793.9738424,441,0.03430049121379852
1734355796.1326342,442,0.08649176359176636
1734355798.248246,443,0.06956285983324051
1734355804.473817,446,0.07948368042707443
1734355817.3783572,452,0.08392579853534698
1734355832.1080952,459,0.06332534551620483
1734355834.495212,460,0.045206546783447266
1734355836.5751252,461,0.08162988722324371
1734355838.682323,462,0.06426909565925598
1734355842.914348,464,0.08363830298185349
1734355845.0468187,465,0.09237313270568848
1734355851.3122735,468,0.06670428067445755
1734355853.4032116,469,0.03558071702718735
1734355864.3618953,474,0.0355483703315258
1734355866.4960554,475,0.03363269567489624
1734355874.7562501,479,0.061558276414871216
1734355889.833335,486,0.05411715433001518
1734355896.2463944,489,0.08540018647909164
1734355898.7096565,490,0.11251728981733322
1734355902.9175732,492,0.0827668160200119
1734355907.1660166,494,0.04557742923498154
1734355913.4750202,497,0.03566683083772659
1734355937.4114606,508,0.015507194213569164
1734355944.2430747,511,0.019825927913188934
1734355946.3430436,512,0.01623653620481491
1734355948.4372451,513,0.016120685264468193
1734355952.5587924,515,0.016748856753110886
1734355956.8147395,517,0.017100119963288307
1734355958.8778577,518,0.015615096315741539
1734355963.38442,520,0.02003396674990654
1734355973.971505,525,0.02065352350473404
1734355976.0616424,526,0.01879948005080223
1734355989.0203216,532,0.019312839955091476
1734355993.2650118,534,0.019924458116292953
1734355995.416841,535,0.018036482855677605
1734355997.4864388,536,0.018926823511719704
1734355999.6854353,537,0.01735592633485794
1734356001.7565527,538,0.01675865799188614
1734356003.8177927,539,0.018872542306780815
1734356008.4003103,541,0.020562268793582916
1734356010.4679863,542,0.01774730160832405
1734356012.5964258,543,0.021183282136917114
1734356023.1426494,548,0.018886420875787735
1734356025.229547,549,0.01703839749097824
1734356027.4875178,550,0.01899142935872078
1734356031.7362256,552,0.018288616091012955
1734356040.2116892,556,0.018444476649165154
1734356044.3746192,558,0.035918403416872025
1734356049.0099607,560,0.022738348692655563
1734356057.4012213,564,0.022127611562609673
1734356059.544798,565,0.02483917400240898
1734356061.626806,566,0.02166542038321495
1734356070.4114723,570,0.02738199196755886
1734356078.9641554,574,0.01778372749686241
1734356081.0893471,575,0.017913490533828735
1734356087.3197331,578,0.07746808975934982
1734356091.948872,580,0.03333935886621475
1734356094.1806967,581,0.0568351224064827
1734356096.2505724,582,0.03652198612689972
1734356098.3600624,583,0.021243488416075706
1734356100.462132,584,0.04245133697986603
1734356102.6027586,585,0.03144693374633789
1734356106.750932,587,0.0332767553627491
1734356108.8243034,588,0.022796954959630966
1734356119.6500762,593,0.025986433029174805
1734356121.6849263,594,0.023829396814107895
1734356127.9560573,597,0.03010375425219536
1734356129.9913375,598,0.018936213105916977
1734356137.057419,601,0.020277366042137146
1734356141.4588108,603,0.018566234037280083
1734356150.0714772,607,0.01956280507147312
1734356154.307696,609,0.016742203384637833
1734356158.7596912,611,0.016710668802261353
1734356162.9388258,613,0.02424181066453457
1734356169.2492497,616,0.016122696921229362
1734356177.911604,620,0.01840255968272686
1734356179.9881792,621,0.0200711190700531
1734356184.123708,623,0.01708425208926201
1734356190.5305166,626,0.01545732282102108
1734356199.146692,630,0.017042599618434906
1734356209.8761683,635,0.018962880596518517
1734356225.0133338,642,0.019588913768529892
1734356227.1180432,643,0.018254954367876053
1734356231.3693979,645,0.01782040111720562
1734356233.4044685,646,0.021687736734747887
1734356235.5221334,647,0.020389374345541
1734356237.58035,648,0.018056996166706085
1734356239.7289605,649,0.018286867067217827
1734356242.1462457,650,0.020874958485364914
1734356248.447028,653,0.01973724737763405
1734356256.9088037,657,0.018556656315922737
1734356258.957321,658,0.021024785935878754
1734356268.033559,662,0.01847084052860737
1734356274.4093318,665,0.019815314561128616
1734356278.545645,667,0.020146489143371582
1734356282.802495,669,0.01896778866648674
1734356289.4892597,672,0.02322736382484436
1734356291.5928762,673,0.029477976262569427
1734356293.6684036,674,0.0538276806473732
1734356295.795751,675,0.029952630400657654
1734356297.8678448,676,0.03161647915840149
1734356302.2565956,678,0.0216909758746624
1734356304.3605356,679,0.03415505588054657
1734356306.7634258,680,0.05197817087173462
1734356311.00193,682,0.0697241723537445
1734356313.1327531,683,0.07077249884605408
1734356315.191917,684,0.08595796674489975
1734356317.40137,685,0.08012297749519348
1734356319.5324204,686,0.08663972467184067
1734356321.663593,687,0.07008127868175507
1734356325.9174542,689,0.03397872671484947
1734356328.2103689,690,0.07071062922477722
1734356342.8879702,697,0.08974635601043701
1734356349.8813412,700,0.04729757830500603
1734356351.988659,701,0.04635205119848251
1734356354.0787442,702,0.028897762298583984
1734356358.3142507,704,0.0205482579767704
1734356364.7292597,707,0.019832950085401535
1734356368.9665437,709,0.01732707768678665
1734356373.5014381,711,0.025853093713521957
1734356381.9348774,715,0.05237255617976189
1734356390.3953907,719,0.015684571117162704
1734356397.1925097,722,0.02032381482422352
1734356399.3184502,723,0.017721407115459442
1734356401.345955,724,0.017951510846614838
1734356403.4781783,725,0.01725129783153534
1734356405.5433133,726,0.018085692077875137
1734356416.2146745,731,0.021042484790086746
1734356428.7582543,737,0.01666957139968872
1734356432.9212227,739,0.01771196536719799
1734356435.3449273,740,0.017013181000947952
1734356437.4518218,741,0.015905316919088364
1734356439.5803747,742,0.019730407744646072
1734356443.7776492,744,0.017619259655475616
1734356450.1264806,747,0.017806101590394974
1734356452.1977055,748,0.017714764922857285
1734356458.9067347,751,0.016742845997214317
1734356460.9849505,752,0.07768726348876953
1734356463.0863435,753,0.06505131721496582
1734356467.2415152,755,0.03298855200409889
1734356471.4058635,757,0.03128254413604736
1734356484.294654,763,0.027393922209739685
1734356490.5784912,766,0.02755701169371605
1734356492.6977525,767,0.021688906475901604
1734356499.2766588,770,0.01797553524374962
1734356501.3794978,771,0.025437360629439354
1734356503.5330617,772,0.035860463976860046
1734356507.7302105,774,0.0384807251393795
1734356509.8679237,775,0.02877815067768097
1734356511.9394329,776,0.0253010094165802
1734356522.9990966,781,0.019390178844332695
1734356531.3045983,785,0.024278728291392326
1734356533.345045,786,0.01851065829396248
1734356537.5033593,788,0.022201377898454666
1734356542.0049748,790,0.01562768593430519
1734356546.1374338,792,0.017648126929998398
1734356548.2547748,793,0.016878848895430565
1734356550.3069818,794,0.018617719411849976
1734356552.5587752,795,0.01832837238907814
1734356554.6405191,796,0.020337320864200592
1734356556.7414625,797,0.018109872937202454
1734356560.972813,799,0.01603810489177704
1734356566.006149,801,0.015523355454206467
1734356570.252706,803,0.022813089191913605
1734356576.607865,806,0.020092561841011047
1734356580.759034,808,0.016681376844644547
1734356582.8883324,809,0.017610900104045868
1734356585.1509776,810,0.020399846136569977
1734356593.5054052,814,0.018118273466825485
1734356597.6685393,816,0.017910940572619438
1734356599.7713573,817,0.01996930129826069
1734356603.945495,819,0.02261599898338318
1734356610.4739873,822,0.018732205033302307
1734356618.8846245,826,0.01935163140296936
1734356625.2711067,829,0.017538709565997124
1734356631.8667955,832,0.021162372082471848
1734356633.9696457,833,0.021009918302297592
1734356638.1144152,835,0.020780125632882118
1734356642.2358575,837,0.017292115837335587
1734356646.4786718,839,0.01810506545007229
1734356657.3674119,844,0.017077384516596794
1734356661.531669,846,0.01630018651485443
1734356663.5975513,847,0.01727762632071972
1734356665.6603096,848,0.017307525500655174
1734356667.748513,849,0.018826942890882492
1734356674.414524,852,0.025920357555150986
1734356687.0934577,858,0.018453162163496017
1734356691.7154448,860,0.016506999731063843
1734356693.8544645,861,0.018036294728517532
1734356695.90556,862,0.017803730443120003
1734356700.1405823,864,0.02646275982260704
1734356708.4058714,868,0.08881872147321701
1734356713.3050563,870,0.09053114056587219
1734356715.4251971,871,0.05607893690466881
1734356723.887866,875,0.03197329491376877
1734356725.951761,876,0.024310380220413208
1734356728.0842168,877,0.02800031565129757
1734356730.153314,878,0.03938752040266991
1734356736.7776146,881,0.039755456149578094
1734356738.8846765,882,0.028432238847017288
1734356741.014804,883,0.04013854265213013
1734356745.182178,885,0.03590566664934158
1734356751.473338,888,0.01873001828789711
1734356756.154691,890,0.018491104245185852
1734356758.3244448,891,0.01790187880396843
1734356762.5110402,893,0.02088950388133526
1734356764.5776463,894,0.01697918400168419
1734356770.8943715,897,0.017851263284683228
1734356778.033505,900,0.018230482935905457
1734356780.1410882,901,0.018080007284879684
1734356795.0587287,908,0.018997421488165855
1734356797.198073,909,0.02070130780339241
1734356799.7613983,910,0.018268432468175888
1734356801.9429896,911,0.018742183223366737
1734356804.0548375,912,0.01827758364379406
1734356806.195664,913,0.019292421638965607
1734356808.276374,914,0.023494422435760498
1734356812.4919574,916,0.01790812239050865
1734356814.6233866,917,0.018592795357108116
1734356816.7133534,918,0.01883215270936489
1734356823.3420813,921,0.015652073547244072
1734356825.3726048,922,0.018969178199768066
1734356827.4730628,923,0.019318878650665283
1734356829.5641003,924,0.018179001286625862
1734356833.7420485,926,0.04369429871439934
1734356846.760127,932,0.09817126393318176
1734356848.8669083,933,0.11353187263011932
1734356855.1761546,936,0.06015774607658386
1734356870.6866186,943,0.05525679886341095
1734356877.0581033,946,0.02732720784842968
1734356892.2494667,953,0.019257977604866028
1734356894.3637853,954,0.018901776522397995
1734356896.4953597,955,0.017314869910478592
1734356900.8772185,957,0.017974141985177994
1734356902.9842536,958,0.017763372510671616
1734356905.1388967,959,0.01602281630039215
1734356911.8438022,962,0.016364319249987602
1734356914.0130296,963,0.037950389087200165
1734356918.3432477,965,0.06774759292602539
1734356922.592322,967,0.03630789741873741
1734356924.6994908,968,0.03830950707197189
1734356933.7568262,972,0.016457587480545044
1734356935.9126315,973,0.01686028391122818
1734356944.265561,977,0.023087557405233383
1734356946.3222024,978,0.018998002633452415
1734356948.4402413,979,0.01916523650288582
1734356950.9639263,980,0.021153878420591354
1734356957.1776006,983,0.020077252760529518
1734356959.2753794,984,0.01966225542128086
1734356961.3720067,985,0.019620833918452263
1734356967.7341866,988,0.02154122292995453
1734356969.8263037,989,0.020800482481718063
1734356987.0769298,997,0.018044009804725647
1734356994.3156435,1000,0.016937557607889175
1734356996.422033,1001,0.01746104657649994
1734357000.7178419,1003,0.03909146040678024
1734357004.840324,1005,0.018637701869010925
1734357006.9109747,1006,0.022072982043027878
1734357013.204898,1009,0.018733834847807884
1734357015.6507993,1010,0.020503077656030655
1734357019.8084877,1012,0.022151371464133263
1734357021.8885674,1013,0.02605963870882988
1734357023.9334445,1014,0.022073399275541306
1734357026.0262487,1015,0.020144030451774597
1734357032.2477663,1018,0.017090480774641037
1734357049.580589,1026,0.0623294934630394
1734357053.813528,1028,0.05652948468923569
1734357058.3099308,1030,0.05344429612159729
1734357062.4823132,1032,0.07309341430664062
1734357064.6210275,1033,0.08204586803913116
1734357066.6933823,1034,0.04515383765101433
1734357070.8319378,1036,0.047994762659072876
1734357074.9965947,1038,0.09402060508728027
1734357077.1544163,1039,0.08713299036026001
1734357079.6250906,1040,0.07224421203136444
1734357086.0633621,1043,0.06416268646717072
1734357090.3482113,1045,0.08767195791006088
1734357105.3432112,1052,0.08626791089773178
1734357107.488668,1053,0.11080460250377655
1734357113.7742226,1056,0.03616984188556671
1734357117.9695115,1058,0.05716581642627716
1734357130.9458458,1064,0.02703653834760189
1734357133.0521674,1065,0.04254000633955002
1734357137.2298388,1067,0.040861908346414566
1734357141.4540753,1069,0.02851605787873268
1734357150.076981,1073,0.030340678989887238
1734357158.619666,1077,0.03611559420824051
1734357162.9003584,1079,0.03797203674912453
1734357167.4963372,1081,0.03308714181184769
1734357173.960687,1084,0.039111386984586716
1734357176.0907018,1085,0.04198300465941429
1734357178.229918,1086,0.0291040800511837
1734357180.3598967,1087,0.023779410868883133
1734357193.0577118,1093,0.020620111376047134
1734357195.1224504,1094,0.016490645706653595
1734357208.6494987,1100,0.020235558971762657
1734357212.8511634,1102,0.01715567521750927
1734357217.2334647,1104,0.018794603645801544
1734357219.3802898,1105,0.01943065971136093
1734357221.454983,1106,0.020830966532230377
1734357240.8900445,1115,0.017562303692102432
1734357245.1700637,1117,0.017337840050458908
1734357251.873516,1120,0.019176620990037918
1734357260.2427232,1124,0.017645468935370445
1734357264.4104416,1126,0.018502168357372284
1734357266.5316072,1127,0.01861412450671196
1734357268.6165373,1128,0.01685660146176815
1734357275.3321638,1131,0.01841718703508377
1734357277.4292772,1132,0.017984358593821526
1734357281.7500892,1134,0.017147965729236603
1734357283.8591926,1135,0.016818171367049217
1734357285.9806805,1136,0.018969666212797165
1734357292.4520452,1139,0.017718911170959473
1734357294.922458,1140,0.016304120421409607
1734357588.8540668,1150,0.03918225318193436
1734357592.77621,1152,0.017409615218639374
1734357594.700001,1153,0.015820732340216637
1734357600.7818885,1156,0.0215748380869627
1734357602.7591238,1157,0.020661968737840652
1734357604.6993341,1158,0.015634145587682724
1734357610.8925338,1161,0.01816275715827942
1734357612.8451881,1162,0.017485998570919037
1734357614.7712202,1163,0.01803094893693924
1734357644.2670472,1178,0.015604633837938309
1734357650.568467,1181,0.017780564725399017
1734357654.4336152,1183,0.019315889105200768
1734357656.3745668,1184,0.0183834470808506
1734357660.2993283,1186,0.01912149414420128
1734357662.2567396,1187,0.019651148468255997
1734357668.2173264,1190,0.01824917271733284
1734357674.0078504,1193,0.018106702715158463
1734357675.920378,1194,0.01994273066520691
1734357677.867236,1195,0.015515732578933239
1734357679.7764869,1196,0.015977423638105392
1734357683.6405532,1198,0.03330426290631294
1734357688.4572706,1200,0.029449930414557457
1734357692.3538294,1202,0.07595360279083252
1734357696.2312467,1204,0.03239567577838898
1734357698.1919012,1205,0.061541974544525146
1734357702.0996232,1207,0.0345333069562912
1734357705.990217,1209,0.030107278376817703
1734357710.2469456,1211,0.032131217420101166
1734357712.1765134,1212,0.03182687610387802
1734357714.1331942,1213,0.03787970170378685
1734357716.0766103,1214,0.032092172652482986
1734357718.0372498,1215,0.04816674441099167
1734357737.8927324,1225,0.018139375373721123
1734357745.621309,1229,0.018292386084794998
1734357753.6698291,1233,0.01655665785074234
1734357755.6319153,1234,0.01901506446301937
1734357757.5760267,1235,0.017849072813987732
1734357761.4856575,1237,0.01694580540060997
1734357767.465084,1240,0.01673533208668232
1734357773.4020553,1243,0.01836717128753662
1734357777.289428,1245,0.020053066313266754
1734357781.1964853,1247,0.017520759254693985
1734357783.1114988,1248,0.018289050087332726
1734357787.430376,1250,0.020449897274374962
1734357795.2328627,1254,0.01922598108649254
1734357797.2028396,1255,0.01889379881322384
1734357799.1911309,1256,0.018902599811553955
1734357803.0884323,1258,0.02513030916452408
1734357805.0634186,1259,0.07829008996486664
1734357811.2451477,1262,0.08471600711345673
1734357813.1948612,1263,0.07589753717184067
1734357815.1754794,1264,0.0640970915555954
1734357817.1381602,1265,0.08361953496932983
1734357819.0808816,1266,0.07057400792837143
1734357821.0351431,1267,0.08392836153507233
1734357831.1596549,1272,0.06607727706432343
1734357833.124018,1273,0.08077818155288696
1734357837.0386574,1275,0.06287263333797455
1734357844.755334,1279,0.06623172760009766
1734357846.9324229,1280,0.041863761842250824
1734357850.9033656,1282,0.019087154418230057
1734357858.690234,1286,0.018483556807041168
1734357862.5667682,1288,0.016062745824456215
1734357870.665003,1292,0.028423305600881577
1734357872.5994954,1293,0.01785312406718731
1734357874.515944,1294,0.036770641803741455
1734357876.477392,1295,0.01511432509869337
1734357880.3550694,1297,0.03358227759599686
1734357886.8943324,1300,0.020443836227059364
1734357888.8585296,1301,0.020257646217942238
1734357892.7501428,1303,0.019269131124019623
1734357894.656031,1304,0.029409285634756088
1734357896.6108751,1305,0.020697038620710373
1734357908.5042212,1311,0.018174506723880768
1734357912.4175212,1313,0.018040042370557785
1734357914.359105,1314,0.016099244356155396
1734357918.2448695,1316,0.02214684709906578
1734357920.2004685,1317,0.01720188558101654
1734357926.405322,1320,0.019452659413218498
1734357928.3431392,1321,0.019391942769289017
1734357938.079638,1326,0.01800869032740593
1734357940.030732,1327,0.018496666103601456
1734357941.9485798,1328,0.016518235206604004
1734357948.1821668,1331,0.019084546715021133
1734357952.1195962,1333,0.029703449457883835
1734357954.0624602,1334,0.0172719843685627
1734357956.0240064,1335,0.01729181781411171
1734357957.9531665,1336,0.017620522528886795
1734357959.909396,1337,0.01740996725857258
1734357961.8339992,1338,0.0162486769258976
1734357968.3089573,1341,0.019408660009503365
1734357974.0992527,1344,0.018597111105918884
1734357983.9054544,1349,0.017981737852096558
1734357986.352663,1350,0.019664613530039787
1734357988.3226845,1351,0.01894151233136654
1734357990.2343717,1352,0.019345723092556
1734357998.0206053,1356,0.0169794000685215
1734358006.2658672,1360,0.032836638391017914
1734358010.1934805,1362,0.023310422897338867
1734358012.1575205,1363,0.016334807500243187
1734358020.0165675,1367,0.018524017184972763
1734358028.1131952,1371,0.02338598668575287
1734358041.866194,1378,0.03196128085255623
1734358043.8364701,1379,0.02524767816066742
1734358046.1954715,1380,0.03185328468680382
1734358052.0429537,1383,0.025611549615859985
1734358055.9250915,1385,0.018674928694963455
1734358057.8544939,1386,0.01907782442867756
1734358061.7240012,1388,0.017569441348314285
1734358063.692173,1389,0.017204374074935913
1734358066.0109885,1390,0.020446045324206352
1734358069.88442,1392,0.01896747201681137
1734358071.8530564,1393,0.01851467601954937
1734358077.671802,1396,0.016173701733350754
1734358111.8549638,1413,0.017501428723335266
1734358113.7943957,1414,0.018359007313847542
1734358115.743466,1415,0.015959445387125015
1734358117.6750598,1416,0.016800813376903534
1734358125.9526372,1420,0.045575231313705444
1734358131.7683544,1423,0.017250515520572662
1734358133.699753,1424,0.017449578270316124
1734358139.556994,1427,0.014920218847692013
1734358141.4620738,1428,0.015394884161651134
1734358143.4112175,1429,0.02194034308195114
1734358151.6129851,1433,0.026854585856199265
1734358153.5201652,1434,0.02780752442777157
1734358155.4745219,1435,0.020727306604385376
1734358159.3938692,1437,0.01826024428009987
1734358161.3194537,1438,0.018241237848997116
1734358163.2594423,1439,0.017298966646194458
1734358167.5436535,1441,0.0174868144094944
1734358171.4453666,1443,0.017213251441717148
1734358183.1304848,1449,0.01842823252081871
1734358187.2919726,1451,0.015628978610038757
1734358197.1027281,1456,0.05720897763967514
1734358199.0361776,1457,0.05449195206165314
1734358216.6457062,1466,0.09021167457103729
1734358218.5961964,1467,0.0647246465086937
1734358240.611926,1478,0.07898511737585068
1734358248.5758512,1482,0.04428192973136902
1734358250.5443397,1483,0.055374085903167725
1734358256.3359137,1486,0.04967885836958885
1734358258.2766135,1487,0.07686120271682739
1734358264.4344976,1490,0.08704593032598495
1734358268.2982273,1492,0.03765439987182617
1734358270.2670574,1493,0.036123644560575485
1734358272.1826558,1494,0.06135563552379608
1734358286.4747024,1501,0.045203011482954025
1734358288.3955834,1502,0.08705340325832367
1734358290.3547134,1503,0.06447409838438034
1734358292.357483,1504,0.022671600803732872
1734358296.2200515,1506,0.018812209367752075
1734358298.1603837,1507,0.021845972165465355
1734358302.041186,1509,0.016683120280504227
1734358304.3349085,1510,0.017380408942699432
1734358306.298586,1511,0.0204462893307209
1734358308.2433746,1512,0.023679595440626144
1734358317.9655726,1517,0.08987031877040863
1734358321.817079,1519,0.0646880492568016
1734358332.1191683,1524,0.1113843321800232
1734358334.0734527,1525,0.14137083292007446
1734358336.010312,1526,0.11194787919521332
1734358339.9020598,1528,0.1029636561870575
1734358353.6195908,1535,0.055278148502111435
1734358357.6327295,1537,0.0964958667755127
1734358377.3922071,1547,0.09135550260543823
1734358381.304836,1549,0.022430535405874252
1734358383.665435,1550,0.03761465102434158
1734358387.717309,1552,0.0632125586271286
1734358389.6632042,1553,0.06824037432670593
1734358393.5484118,1555,0.0572928860783577
1734358395.5155704,1556,0.061021119356155396
1734358407.4685442,1562,0.09628085792064667
1734358409.4366312,1563,0.09503619372844696
1734358421.1158082,1569,0.07135795801877975
1734358423.1931694,1570,0.07693566381931305
1734358440.6639862,1579,0.04300425574183464
1734358443.090299,1580,0.06827065348625183
1734358448.9188063,1583,0.07859806716442108
1734358452.9448996,1585,0.07553964853286743
1734358460.772082,1589,0.07363741844892502
1734358472.8492463,1595,0.08562561869621277
1734358476.7413702,1597,0.0663682371377945
1734358478.6576238,1598,0.06600223481655121
1734358483.681429,1600,0.0698985606431961
1734358489.5368168,1603,0.0516790896654129
1734358493.4321911,1605,0.06924792379140854
1734358495.3569853,1606,0.09824977815151215
1734358503.454823,1610,0.03698452562093735
1734358505.3978944,1611,0.03320730850100517
1734358509.3401625,1613,0.044259361922740936
1734358511.255516,1614,0.036643266677856445
1734358513.2065113,1615,0.03189796209335327
1734358515.2931912,1616,0.031073879450559616
1734358521.1402266,1619,0.07794858515262604
1734358523.2704573,1620,0.08256766200065613
1734358525.2189848,1621,0.06633886694908142
1734358532.960587,1625,0.08483199775218964
1734358536.8464882,1627,0.058641642332077026
1734358538.7571623,1628,0.06502049416303635
1734358540.7093205,1629,0.07941584289073944
1734358544.9789686,1631,0.11492093652486801
1734358548.8563406,1633,0.09604369848966599
1734358552.6991003,1635,0.05447153374552727
1734358558.4732692,1638,0.04189102351665497
1734358560.4190598,1639,0.02712368033826351
1734358564.6437712,1641,0.01947537064552307
1734358566.5518534,1642,0.016363635659217834
1734358568.4987097,1643,0.019528329372406006
1734358574.3099868,1646,0.016247568652033806
1734358578.1910994,1648,0.022434836253523827
1734358580.1385102,1649,0.016177259385585785
1734358586.2902453,1652,0.01913171075284481
1734358588.2401462,1653,0.01642337627708912
1734358594.0197563,1656,0.017532803118228912
1734358599.8612406,1659,0.016230104491114616
1734358602.2905114,1660,0.0181387048214674
1734358604.2469625,1661,0.018872477114200592
1734358606.1609852,1662,0.01758253201842308
1734358612.1983955,1665,0.017150646075606346
1734358619.9448693,1669,0.017388101667165756
1734358624.2916434,1671,0.01746285893023014
1734358626.2077456,1672,0.018012281507253647
1734358628.1798563,1673,0.019624149426817894
1734358633.9894059,1676,0.018743162974715233
1734358635.9330237,1677,0.019568882882595062
1734358639.8273602,1679,0.016613245010375977
1734358647.8690567,1683,0.017707517370581627
1734358649.789441,1684,0.021143978461623192
1734358651.7502637,1685,0.017902834340929985
1734358657.5577147,1688,0.01772919110953808
1734358665.732499,1692,0.017493249848484993
1734358667.697533,1693,0.018114548176527023
1734358671.546424,1695,0.020273497328162193
1734358673.4739528,1696,0.02071642503142357
1734358675.4128234,1697,0.018984710797667503
1734358677.3234954,1698,0.021080996841192245
1734358682.092892,1700,0.020912375301122665
1734358687.904057,1703,0.017289279028773308
1734358689.8257492,1704,0.020347241312265396
1734358691.771968,1705,0.022285938262939453
1734358693.6848543,1706,0.02548322081565857
1734358701.8749583,1710,0.019652098417282104
1734358703.8327236,1711,0.02375572919845581
1734358713.518919,1716,0.018206443637609482
1734358717.3959227,1718,0.056331418454647064
1734358719.3767989,1719,0.08144229650497437
1734358721.7363863,1720,0.062159061431884766
1734358729.5051785,1724,0.019536811858415604
1734358735.2945726,1727,0.03077121637761593
1734358739.2100706,1729,0.021180465817451477
1734358745.465103,1732,0.022888457402586937
1734358747.4059346,1733,0.025355078279972076
1734358749.3655245,1734,0.02448686957359314
1734358751.300823,1735,0.028113914653658867
1734358753.2089617,1736,0.030655141919851303
1734358757.0691676,1738,0.02841581404209137
1734358761.3442852,1740,0.018411019816994667
1734358767.1692545,1743,0.01768067479133606
1734358769.096413,1744,0.019090307876467705
1734358772.9711268,1746,0.02186541259288788
1734358774.9095795,1747,0.018301522359251976
1734358776.8311868,1748,0.018221711739897728
1734358782.946256,1751,0.027230169624090195
1734358786.827919,1753,0.025433894246816635
1734358788.763221,1754,0.02407037280499935
1734358790.7237208,1755,0.015818102285265923
1734358792.6349914,1756,0.01900903508067131
1734358806.6555388,1763,0.017572071403265
1734358808.5806258,1764,0.016563665121793747
1734358814.38238,1767,0.01506584882736206
1734358824.408554,1772,0.016863126307725906
1734358832.1581903,1776,0.02082509547472
1734358836.033838,1778,0.016608713194727898
1734358844.2194273,1782,0.01979290321469307
1734358846.1716793,1783,0.01827235519886017
1734358850.044006,1785,0.01662926748394966
1734358857.7971628,1789,0.018822848796844482
1734358859.9995375,1790,0.018716130405664444
1734358861.950391,1791,0.021031511947512627
1734358865.8070252,1793,0.01841186359524727
1734358867.7231653,1794,0.0197347030043602
1734358869.6650827,1795,0.018296875059604645
1734358877.3598514,1799,0.019636370241642
1734358886.0273292,1803,0.018300406634807587
1734358889.903636,1805,0.017097637057304382
1734358891.8232079,1806,0.019880210980772972
1734358895.807543,1808,0.01968647912144661
1734358903.771493,1812,0.0171474851667881
1734358907.6499734,1814,0.028843238949775696
1734358909.5914252,1815,0.06080663204193115
1734358915.3954587,1818,0.026861578226089478
1734358921.4601705,1821,0.052912503480911255
1734358929.2693868,1825,0.07050049304962158
1734358933.1274426,1827,0.08492952585220337
1734358941.184952,1831,0.08078181743621826
1734358948.93329,1835,0.07821658253669739
1734358950.8403792,1836,0.10696075856685638
1734358952.7779503,1837,0.06724197417497635
1734358960.657207,1841,0.04000304639339447
1734358962.551611,1842,0.03664697706699371
1734358964.4988039,1843,0.03224750608205795
1734358968.3819108,1845,0.020150749012827873
1734358970.2966592,1846,0.022227978333830833
1734358972.234202,1847,0.017270363867282867
1734358976.1040463,1849,0.016640450805425644
1734358978.5063782,1850,0.018320327624678612
1734358984.295579,1853,0.018894929438829422
1734358986.2163413,1854,0.02116120234131813
1734358990.0708082,1856,0.05271950364112854
1734358993.968923,1858,0.01937190070748329
1734358995.9129112,1859,0.0226642694324255
1734358998.1594212,1860,0.015602456405758858
1734359011.6695583,1867,0.017939237877726555
1734359015.524652,1869,0.019335530698299408
1734359017.6760519,1870,0.0179430078715086
1734359029.3910956,1876,0.017299331724643707
1734359031.3538327,1877,0.01851789653301239
1734359033.2887,1878,0.01693037711083889
1734359035.234004,1879,0.015352826565504074
1734359037.5731528,1880,0.019199930131435394
1734359041.4294846,1882,0.015087942592799664
1734359047.2237246,1885,0.01852056011557579
1734359061.2497025,1892,0.017754241824150085
1734359063.1903222,1893,0.0688435286283493
1734359065.10991,1894,0.06156335398554802
1734359074.76585,1899,0.03310481831431389
1734359083.5634017,1903,0.01652180589735508
1734359089.4072618,1906,0.036886729300022125
1734359091.3607388,1907,0.02886485867202282
1734359097.6003833,1910,0.01835320144891739
1734359099.5587976,1911,0.017675992101430893
1734359101.4944038,1912,0.02650531753897667
1734359103.4396214,1913,0.03828394412994385
1734359105.35443,1914,0.038608770817518234
1734359111.2032282,1917,0.026437310501933098
1734359113.1264312,1918,0.03575463220477104
1734359115.154924,1919,0.028611257672309875
1734359117.2529428,1920,0.04029729962348938
1734359125.0079534,1924,0.022344468161463737
1734359126.9534674,1925,0.032837990671396255
1734359128.8709512,1926,0.022949442267417908
1734359134.664046,1929,0.020664691925048828
1734359138.8485382,1931,0.015108531340956688
1734359142.7288826,1933,0.017513081431388855
1734359146.6048472,1935,0.017996033653616905
1734359148.5474896,1936,0.018084710463881493
1734359150.5097857,1937,0.022944850847125053
1734359154.380377,1939,0.01769176870584488
1734359156.6673772,1940,0.016019990667700768
1734359166.3653128,1945,0.018605690449476242
1734359172.1364124,1948,0.01953909359872341
1734359176.2287638,1950,0.018936486914753914
1734359182.1021552,1953,0.018605966120958328
1734359187.8635643,1956,0.016922568902373314
1734359189.7988753,1957,0.017986781895160675
1734359193.8366673,1959,0.018613457679748535
1734359198.052194,1961,0.01906028762459755
1734359209.8694987,1967,0.019223075360059738
1734359211.906387,1968,0.019070295616984367
1734359216.0750105,1970,0.018629971891641617
1734359219.9522903,1972,0.018917392939329147
1734359229.6414492,1977,0.017023775726556778
1734359237.8937771,1981,0.020532658323645592
1734359239.8241444,1982,0.018315201625227928
1734359241.830243,1983,0.01737239584326744
1734359243.7386115,1984,0.019382603466510773
1734359267.4032602,1996,0.02404341846704483
1734359271.3317623,1998,0.01661624386906624
1734359276.2285502,2000,0.018400099128484726
1734359280.1244774,2002,0.0184878408908844
1734359282.0733829,2003,0.018886979669332504
1734359287.8673234,2006,0.05263461917638779
1734359289.816802,2007,0.05333675071597099
1734359291.7418356,2008,0.08783229440450668
1734359293.689683,2009,0.08102931082248688
1734359296.134324,2010,0.08444471657276154
1734359298.0945296,2011,0.08098813146352768
1734359300.0061445,2012,0.05441417917609215
1734359303.8870735,2014,0.03447709605097771
1734359305.8312168,2015,0.03010101243853569
1734359307.757831,2016,0.03116779401898384
1734359311.6540046,2018,0.02891964092850685
1734359321.973101,2023,0.032750457525253296
1734359327.767634,2026,0.028436681255698204
1734359331.6278603,2028,0.025473114103078842
1734359333.5657892,2029,0.018918488174676895
1734359337.7374656,2031,0.02186012826859951
1734359343.4952433,2034,0.02536921203136444
1734359349.3713741,2037,0.022106055170297623
1734359353.2232285,2039,0.015619742684066296
1734359359.4531295,2042,0.017259253188967705
1734359361.3980389,2043,0.019243551418185234
1734359365.2502558,2045,0.016170375049114227
1734359367.1528935,2046,0.017882036045193672
1734359372.9893844,2049,0.0186106376349926
1734359377.1094582,2051,0.01739133708178997
1734359379.0584936,2052,0.01840796321630478
1734359395.0129025,2060,0.01703629456460476
1734359396.9606242,2061,0.01829567179083824
1734359400.9875925,2063,0.018775610253214836
1734359410.6435893,2068,0.06790430843830109
1734359420.6401746,2073,0.09192508459091187
1734359422.5665557,2074,0.11371627449989319
1734359424.5239697,2075,0.08840763568878174
1734359428.3824522,2077,0.056832052767276764
1734359430.2832713,2078,0.07875484973192215
1734359434.4938695,2080,0.0605226531624794
1734359438.3543887,2082,0.04553726315498352
1734359444.1941953,2085,0.031910061836242676
1734359446.1529543,2086,0.031203821301460266
1734359454.378314,2090,0.0371999554336071
1734359464.104092,2095,0.02020242065191269
1734359467.9789493,2097,0.019499819725751877
1734359480.4881399,2103,0.01624080166220665
1734359482.4056075,2104,0.04228533059358597
1734359484.3406022,2105,0.01803578995168209
1734359486.258734,2106,0.061382587999105453
1734359488.185869,2107,0.07308928668498993
1734359494.2698789,2110,0.022161465138196945
1734359498.1219203,2112,0.017487119883298874
1734359503.9140644,2115,0.018028687685728073
1734359505.8212857,2116,0.018448105081915855
1734359511.6474967,2119,0.018958106637001038
1734359515.8279872,2121,0.020104480907320976
1734359519.7154303,2123,0.018234720453619957
1734359521.6246235,2124,0.020891349762678146
1734359523.5720313,2125,0.01929316855967045
1734359531.4028566,2129,0.021402209997177124
1734359539.4721017,2133,0.01996585726737976
1734359541.3897614,2134,0.019914237782359123
1734359543.3269103,2135,0.01847287081182003
1734359551.152997,2139,0.020087745040655136
1734359553.3383808,2140,0.01907862350344658
1734359557.210094,2142,0.01863839104771614
1734359559.2596686,2143,0.0187405776232481
1734359563.1351342,2145,0.024628764018416405
1734359565.0557222,2146,0.01948568969964981
1734359566.9895723,2147,0.02741699479520321
1734359570.8735092,2149,0.022061213850975037
1734359573.0134754,2150,0.01724368706345558
1734359574.9500856,2151,0.02052222564816475
1734359576.8700583,2152,0.019211608916521072
1734359582.6873877,2155,0.021562745794653893
1734359586.5602055,2157,0.01883001998066902
1734359588.4584148,2158,0.02104848623275757
1734359600.7129648,2164,0.07077573239803314
1734359602.663948,2165,0.06455889344215393
1734359604.5899177,2166,0.041718415915966034
1734359612.547571,2170,0.037923745810985565
1734359616.400391,2172,0.08244224637746811
1734359620.3035047,2174,0.0970948338508606
1734359628.2769887,2178,0.0931517630815506
1734359642.1334472,2185,0.08917991816997528
1734359647.9361188,2188,0.09191940724849701
1734359652.165021,2190,0.09146492183208466
1734359656.1914644,2192,0.10272981226444244
1734359658.140312,2193,0.06904631108045578
1734359661.9963315,2195,0.09269219636917114
1734359665.8689866,2197,0.059175800532102585
1734359669.754051,2199,0.05153271555900574
1734359672.4427364,2200,0.06052660569548607
1734359674.3855531,2201,0.03550324589014053
1734359676.2992055,2202,0.05132051557302475
1734359680.2075167,2204,0.04623699188232422
1734359682.1528144,2205,0.026693195104599
1734359687.99869,2208,0.04604841396212578
1734359689.9803317,2209,0.036631569266319275
1734359696.0566728,2212,0.03396639972925186
1734359701.865769,2215,0.03106258437037468
1734359709.5695517,2219,0.055049650371074677
1734359721.5172703,2225,0.029674731194972992
1734359723.4567468,2226,0.04456842690706253
1734359729.2909248,2229,0.03548092395067215
1734359731.60094,2230,0.027993779629468918
1734359735.486712,2232,0.020237838849425316
1734359739.4004004,2234,0.021097131073474884
1734359741.368652,2235,0.019263364374637604
1734359745.2702193,2237,0.019800912588834763
1734359747.1999223,2238,0.022773440927267075
1734359751.5886054,2240,0.019800981506705284
1734359753.5390527,2241,0.0210286732763052
1734359755.4706619,2242,0.017226247116923332
1734359757.4186025,2243,0.017823759466409683
1734359761.3379512,2245,0.019203154370188713
1734359765.222795,2247,0.02146562933921814
1734359767.1600235,2248,0.016750458627939224
1734359775.1376889,2252,0.019546454772353172
1734359777.0970058,2253,0.015919353812932968
1734359780.979051,2255,0.018184812739491463
1734359786.8224072,2258,0.017302609980106354
1734359791.1215515,2260,0.019404299557209015
1734359796.9530609,2263,0.01740221306681633
1734359808.5286126,2269,0.016648251563310623
1734359820.4068172,2275,0.01801942102611065
1734359828.1087997,2279,0.01652001589536667
1734359832.5077472,2282,0.015584065578877926
1734360093.108888,2287,0.08718037605285645
1734360097.0065463,2289,0.04013856500387192
1734360103.2380426,2292,0.016778161749243736
1734360114.973386,2298,0.014815915375947952
1734360116.8884475,2299,0.0154821602627635
1734360121.4743934,2301,0.017183877527713776
1734360127.3922377,2304,0.01843150146305561
1734360129.3340096,2305,0.017867963761091232
1734360133.2176988,2307,0.015391133725643158
1734360135.15054,2308,0.016991395503282547
1734360137.0599587,2309,0.01707608252763748
1734360154.8515117,2318,0.0189661905169487
1734360156.7765837,2319,0.016375666484236717
1734360158.991772,2320,0.016656409949064255
1734360160.9032917,2321,0.017805596813559532
1734360164.7430403,2323,0.02074803039431572
1734360168.5945477,2325,0.018199555575847626
1734360174.4439228,2328,0.01910853199660778
1734360176.3621662,2329,0.016889138147234917
1734360184.3454864,2333,0.015143411234021187
1734360188.2028427,2335,0.019388556480407715
1734360190.1391797,2336,0.015581796877086163
1734360192.0498526,2337,0.01692703738808632
1734360193.9949245,2338,0.018616441637277603
1734360195.9061732,2339,0.033584270626306534
